store_id,thanh_pho,ngay_mo,don_co_so,AOV_co_so_VND,ty_le_gia_von,ty_le_nen_tang,ty_le_online_rieng,luong_co_so_VND,thue_co_so_VND,khac_co_so_VND,khau_hao_VND,loai_du_lieu,phien_ban
SIM001,TP.HCM,1/1/2023,4871,109000,0.435015315,0.182090558,0.085973681,87045658,44795637,25596777,9714103,MO_PHONG,HCM_SIM_v1
SIM002,TP.HCM,1/1/2023,5001,122000,0.432017478,0.259184757,0.098296337,93913205,81856533,22281473,11659160,MO_PHONG,HCM_SIM_v1
SIM003,TP.HCM,1/1/2023,3747,115000,0.406721437,0.269345088,0.113768263,68865838,72268803,32158825,13855991,MO_PHONG,HCM_SIM_v1
SIM004,TP.HCM,1/1/2023,2918,102000,0.409698063,0.251793599,0.118420258,70451719,65524221,24560340,11871448,MO_PHONG,HCM_SIM_v1
SIM005,TP.HCM,1/1/2023,6136,124000,0.445732353,0.278141305,0.127223995,70513839,55654397,33881250,11020902,MO_PHONG,HCM_SIM_v1
SIM006,TP.HCM,1/1/2023,4234,116000,0.44307885,0.208719817,0.126510336,98498762,43163847,24281583,10232776,MO_PHONG,HCM_SIM_v1
SIM007,TP.HCM,1/1/2023,4317,122000,0.406718521,0.279885766,0.12706966,90146246,47264347,34635080,12563030,MO_PHONG,HCM_SIM_v1
SIM008,TP.HCM,1/1/2023,5564,122000,0.402064378,0.21789804,0.114698432,60829941,55529994,27620203,11280277,MO_PHONG,HCM_SIM_v1
SIM009,TP.HCM,1/1/2023,6176,118000,0.458246515,0.270151066,0.09633039,71933910,86212123,33727143,10670640,MO_PHONG,HCM_SIM_v1
SIM010,TP.HCM,1/1/2023,5386,112000,0.459734191,0.195124513,0.111931661,62054752,57721424,24430930,9335984,MO_PHONG,HCM_SIM_v1
SIM011,TP.HCM,1/1/2023,5985,98000,0.451480465,0.239661438,0.127159899,63335440,54662449,27407740,13290946,MO_PHONG,HCM_SIM_v1
SIM012,TP.HCM,1/1/2023,4841,97000,0.405357787,0.222330152,0.091506083,102358078,41275136,22310559,8551095,MO_PHONG,HCM_SIM_v1
SIM013,TP.HCM,1/1/2024,5418,106000,0.415488418,0.201145361,0.082966609,66915759,55938470,33161444,13342931,MO_PHONG,HCM_SIM_v1
SIM014,TP.HCM,1/1/2024,5930,102000,0.423576248,0.227017222,0.118582983,85408038,62404380,23879508,13644253,MO_PHONG,HCM_SIM_v1
SIM015,TP.HCM,1/1/2024,3555,123000,0.427588668,0.215231442,0.103858557,74640012,46743452,21646142,14045624,MO_PHONG,HCM_SIM_v1
SIM016,TP.HCM,1/1/2024,6068,111000,0.414640696,0.244229287,0.126620878,83465429,61542970,27228288,10400125,MO_PHONG,HCM_SIM_v1
SIM017,TP.HCM,1/1/2025,3806,115000,0.437854728,0.206708375,0.128959335,68964728,144265167,24538976,13610269,MO_PHONG,HCM_SIM_v1
SIM018,TP.HCM,1/1/2025,3446,106000,0.443859432,0.206427959,0.092886797,97227151,154854491,32809500,9059993,MO_PHONG,HCM_SIM_v1
SIM019,TP.HCM,1/1/2025,3762,113000,0.406174924,0.23014555,0.107018404,61791311,154280190,24746106,13114103,MO_PHONG,HCM_SIM_v1
SIM020,TP.HCM,1/1/2025,2866,99000,0.428386075,0.189560131,0.139909642,83253310,133770918,24601923,14481194,MO_PHONG,HCM_SIM_v1
