thang,nam,quy,store_id,thanh_pho,don_tai_quan,don_nen_tang,don_online_rieng,AOV_tai_quan,AOV_nen_tang,AOV_online_rieng,ty_le_gia_von,ty_le_phi_nen_tang,ty_le_nhuong_quyen,luong_VND,thue_VND,khac_VND,khau_hao_VND,DT_tai_quan,DT_nen_tang,DT_online_rieng,DT_tong,tong_don,gia_von_VND,phi_nen_tang_VND,phi_nhuong_quyen_VND,loi_nhuan_gop,LN_van_hanh_mo_hinh,bien_LN_van_hanh,AOV_tong,ty_trong_DT_online,loai_du_lieu,phien_ban
1/1/2025,2025,1,SIM001,TP.HCM,3609,1193,569,116011,125292,120651,0.443874665,0.22,0.04,94148584,48450961,27685474,9714103,418683699,149473356,68650419,636807474,5371,282662704,32884138.32,25472298.96,354144770,115789210.7,0.181827657,118564.0428,0.342527034,MO_PHONG,HCM_SIM_v1
1/1/2025,2025,1,SIM002,TP.HCM,3043,1563,618,125234,135253,130243,0.423518145,0.22,0.04,101576523,88536026,24099641,11659160,381087062,211400439,80490174,672977675,5224,285018256.2,46508096.58,26919107,387959418.8,88660865.2,0.13174414,128824.2104,0.433730009,MO_PHONG,HCM_SIM_v1
1/1/2025,2025,1,SIM003,TP.HCM,2111,1172,507,122758,132579,127668,0.40343963,0.22,0.04,74485290,78165937,34782985,13855991,259142138,155382588,64727676,479252402,3790,193349411.9,34184169.36,19170096.08,285902990.1,31258521.66,0.065223505,126451.8211,0.459278374,MO_PHONG,HCM_SIM_v1
1/1/2025,2025,1,SIM004,TP.HCM,1776,909,431,107125,115695,111410,0.417212409,0.22,0.04,76200579,70870997,26564464,11871448,190254000,105166755,48017710,343438465,3116,143286789.4,23136686.1,13737538.6,200151675.6,-22230037.06,-0.064727861,110217.7359,0.446031766,MO_PHONG,HCM_SIM_v1
1/1/2025,2025,1,SIM005,TP.HCM,3690,2195,1016,128233,138492,133362,0.436386611,0.22,0.04,76267768,60195796,36645960,11020902,473179770,303989940,135495792,912665502,6901,398275005.3,66877786.8,36506620.08,514390496.7,226875663.8,0.248585778,132251.1958,0.481540861,MO_PHONG,HCM_SIM_v1
1/1/2025,2025,1,SIM006,TP.HCM,2950,1213,715,118375,127845,123110,0.449372444,0.22,0.04,106536261,46686017,26262960,10232776,349206250,155075985,88023650,592305885,4878,266165943.4,34116716.7,23692235.4,326139941.6,78612975.5,0.13272361,121423.9207,0.410429208,MO_PHONG,HCM_SIM_v1
1/1/2025,2025,1,SIM007,TP.HCM,2811,1687,775,125098,135106,130102,0.412439006,0.22,0.04,97502180,51121118,37461303,12563030,351650478,227923822,100829050,680403350,5273,280624881.5,50143240.84,27216134,399778468.5,123771462.6,0.181908955,129035.3404,0.483173506,MO_PHONG,HCM_SIM_v1
1/1/2025,2025,1,SIM008,TP.HCM,3607,1532,800,130165,140578,135372,0.402660322,0.22,0.04,65793664,60061242,29874012,11280277,469505155,215365496,108297600,793168251,5939,319377383,47380409.12,31726730.04,473790868,227674533.8,0.287044437,133552.4922,0.408063605,MO_PHONG,HCM_SIM_v1
1/1/2025,2025,1,SIM009,TP.HCM,4254,2300,863,122115,131884,127000,0.456372268,0.22,0.04,77803717,93247032,36479278,10670640,519477210,303333200,109601000,932411410,7417,425526709.8,66733304,37296456.4,506884700.2,184654272.8,0.198039482,125712.7423,0.442866953,MO_PHONG,HCM_SIM_v1
1/1/2025,2025,1,SIM010,TP.HCM,3567,1325,744,118615,128104,123360,0.452151728,0.22,0.04,67118420,62431492,26424494,9335984,423099705,169737800,91779840,684617345,5636,309550915.3,37342316,27384693.8,375066429.7,145029029.9,0.211839549,121472.2046,0.381990965,MO_PHONG,HCM_SIM_v1
1/1/2025,2025,1,SIM011,TP.HCM,3980,1942,1022,102450,110646,106548,0.457017118,0.22,0.04,68503612,59122905,29644212,13290946,407751000,214874532,108892056,731517588,6944,334316060.1,47272397.04,29260703.52,397201527.9,150106752.4,0.205199102,105345.2748,0.442595767,MO_PHONG,HCM_SIM_v1
1/1/2025,2025,1,SIM012,TP.HCM,3439,1441,613,101145,109237,105191,0.41337483,0.22,0.04,110710497,44643187,24131101,8551095,347837655,157410517,64482083,569730255,5493,235512147.4,34630313.74,22789210.2,334218107.6,88762703.68,0.155797771,103719.3255,0.389469575,MO_PHONG,HCM_SIM_v1
1/1/2025,2025,1,SIM013,TP.HCM,3662,1347,575,109866,118655,114261,0.409860183,0.22,0.04,72376085,60503049,35867418,13342931,402329292,159828285,65700075,627857652,5584,257333852.1,35162222.7,25114306.08,370523799.9,128157788.1,0.204119178,112438.6913,0.359203012,MO_PHONG,HCM_SIM_v1
1/1/2025,2025,1,SIM014,TP.HCM,4207,1890,981,109601,118369,113985,0.419178487,0.22,0.04,92377334,67496577,25828076,13644253,461091407,223717410,111819285,796628102,7078,333929362.2,49217830.2,31865124.08,462698739.8,182269545.5,0.2288013,112549.8873,0.421196157,MO_PHONG,HCM_SIM_v1
1/1/2025,2025,1,SIM015,TP.HCM,2487,1022,496,130086,140493,135289,0.427826995,0.22,0.04,80730637,50557718,23412467,14045624,323523882,143583846,67103344,534211072,4005,228549917.6,31588446.12,21368442.88,305661154.4,83957819.42,0.15716226,133386.0355,0.394389411,MO_PHONG,HCM_SIM_v1
1/1/2025,2025,1,SIM016,TP.HCM,4091,2043,1054,114004,123124,118564,0.420405387,0.22,0.04,90276208,66564876,29450116,10400125,466390364,251542332,124966456,842899152,7188,354359343.8,55339313.04,33715966.08,488539808.2,202793204,0.240590115,117264.7679,0.446683078,MO_PHONG,HCM_SIM_v1
1/1/2025,2025,1,SIM017,TP.HCM,1481,605,365,123561,133446,128503,0.430847959,0.22,0.04,74592250,156037205,46541356,13610269,182993841,80734830,46903595,310632266,2451,133835277.7,17761662.6,12425290.64,176796988.3,-144171044.9,-0.46412128,126736.9506,0.410898799,MO_PHONG,HCM_SIM_v1
1/1/2025,2025,1,SIM018,TP.HCM,1490,573,263,113186,122241,117713,0.443080085,0.22,0.04,105160887,167490617,55486755,9059993,168647140,70044093,30958519,269649752,2326,119476435,15409700.46,10785990.08,150173317,-213220625.5,-0.790731769,115928.5262,0.374569645,MO_PHONG,HCM_SIM_v1
1/1/2025,2025,1,SIM019,TP.HCM,1532,687,323,117248,126628,121938,0.400510983,0.22,0.04,66833482,166869454,46765388,13114103,179623936,86993436,39385974,306003346,2542,122557701,19138555.92,12240133.84,183445645,-141515471.8,-0.462463805,120378.9717,0.413000092,MO_PHONG,HCM_SIM_v1
1/1/2025,2025,1,SIM020,TP.HCM,1092,410,286,103239,111498,107369,0.432243765,0.22,0.04,90046780,144686625,46609440,14481194,112736988,45714180,30707534,189158702,1788,81762669.45,10057119.6,7566348.08,107396032.5,-206051474.1,-1.089304758,105793.4575,0.40400845,MO_PHONG,HCM_SIM_v1
2/1/2025,2025,1,SIM001,TP.HCM,3363,1111,530,117830,127256,122543,0.439626739,0.22,0.04,94148584,48450961,27685474,9714103,396262290,141381416,64947790,602591496,5004,264915334.1,31103911.52,24103659.84,337676161.9,102469468.5,0.170047983,120421.9616,0.342403116,MO_PHONG,HCM_SIM_v1
2/1/2025,2025,1,SIM002,TP.HCM,2691,1383,547,126660,136793,131726,0.431764174,0.22,0.04,101576523,88536026,24099641,11659160,340842060,189184719,72054122,602080901,4621,259956962.7,41620638.18,24083236.04,342123938.3,50548714.12,0.083956681,130292.3395,0.433893253,MO_PHONG,HCM_SIM_v1
2/1/2025,2025,1,SIM003,TP.HCM,1880,1045,452,120678,130332,125505,0.414582542,0.22,0.04,74485290,78165937,34782985,13855991,226874640,136196940,56728260,419799840,3377,174041684.6,29963326.8,16791993.6,245758155.4,-2287368.04,-0.005448711,124311.4717,0.45956473,MO_PHONG,HCM_SIM_v1
2/1/2025,2025,1,SIM004,TP.HCM,1466,750,356,109233,117972,113602,0.412605937,0.22,0.04,76200579,70870997,26564464,11871448,160135578,88479000,40442312,289056890,2572,119266589,19465380,11562275.6,169790301,-46744842.56,-0.161715026,112386.0381,0.446006708,MO_PHONG,HCM_SIM_v1
2/1/2025,2025,1,SIM005,TP.HCM,2980,1774,821,129333,139680,134506,0.44710593,0.22,0.04,76267768,60195796,36645960,11020902,385412340,247792320,110429426,743634086,5575,332483209.6,54514310.4,29745363.44,411150876.4,142760776.5,0.191977182,133387.28,0.48171776,MO_PHONG,HCM_SIM_v1
2/1/2025,2025,1,SIM006,TP.HCM,2451,1008,594,120549,130193,125371,0.435545772,0.22,0.04,106536261,46686017,26262960,10232776,295465599,131234544,74470374,501170517,4053,218282699.9,28871599.68,20046820.68,282887817.1,44251382.73,0.088296061,123654.211,0.410448961,MO_PHONG,HCM_SIM_v1
2/1/2025,2025,1,SIM007,TP.HCM,2432,1460,671,131370,141880,136625,0.415997767,0.22,0.04,97502180,51121118,37461303,12563030,319491840,207144800,91675375,618312015,4563,257216417.5,45571856,24732480.6,361095597.5,92143629.94,0.149024486,135505.5917,0.483283792,MO_PHONG,HCM_SIM_v1
2/1/2025,2025,1,SIM008,TP.HCM,3356,1425,744,131466,141983,136725,0.399718424,0.22,0.04,65793664,60061242,29874012,11280277,441199896,202325775,101723400,745249071,5525,297889784.1,44511670.5,29809962.84,447359286.9,206028458.5,0.276455841,134886.7097,0.4079833,MO_PHONG,HCM_SIM_v1
2/1/2025,2025,1,SIM009,TP.HCM,3655,1976,741,121383,131094,126238,0.448630788,0.22,0.04,77803717,93247032,36479278,10670640,443654865,259041744,93542358,796238967,6372,357217315.1,56989183.68,31849558.68,439021651.9,131982242.5,0.165757075,124959.0344,0.442811915,MO_PHONG,HCM_SIM_v1
2/1/2025,2025,1,SIM010,TP.HCM,3556,1321,741,120045,129649,124847,0.456867794,0.22,0.04,67118420,62431492,26424494,9335984,426880020,171266329,92511627,690657976,5618,315539385.8,37678592.38,27626319.04,375118590.2,144503288.8,0.209225541,122936.628,0.381922696,MO_PHONG,HCM_SIM_v1
2/1/2025,2025,1,SIM011,TP.HCM,3155,1539,810,105446,113882,109664,0.461154603,0.22,0.04,68503612,59122905,29644212,13290946,332682130,175264398,88827840,596774368,5504,275205246.9,38558167.56,23870974.72,321569121.1,88578303.77,0.148428466,108425.5756,0.44253281,MO_PHONG,HCM_SIM_v1
2/1/2025,2025,1,SIM012,TP.HCM,3228,1352,575,99395,107347,103371,0.405013857,0.22,0.04,110710497,44643187,24131101,8551095,320847060,145133144,59438325,525418529,5155,212801785.1,31929291.68,21016741.16,312616743.9,71634831.02,0.136338608,101924.0599,0.389349552,MO_PHONG,HCM_SIM_v1
2/1/2025,2025,1,SIM013,TP.HCM,3616,1330,568,108026,116668,112347,0.407488542,0.22,0.04,72376085,60503049,35867418,13342931,390622016,155168440,63813096,609603552,5514,248406462.4,34137056.8,24384142.08,361197089.6,120586407.7,0.197811196,110555.5952,0.359219587,MO_PHONG,HCM_SIM_v1
2/1/2025,2025,1,SIM014,TP.HCM,3130,1406,730,106777,115319,111048,0.421822948,0.22,0.04,92377334,67496577,25828076,13644253,334212010,162138514,81065040,577415564,5266,243567135.7,35670473.08,23096622.56,333848428.3,75735092.69,0.131162195,109649.7463,0.421193278,MO_PHONG,HCM_SIM_v1
2/1/2025,2025,1,SIM015,TP.HCM,2022,831,403,131157,141650,136403,0.434226358,0.22,0.04,80730637,50557718,23412467,14045624,265199454,117711150,54970409,437881013,3256,190139477.7,25896453,17515240.52,247741535.3,35583395.77,0.081262705,134484.3406,0.394357266,MO_PHONG,HCM_SIM_v1
2/1/2025,2025,1,SIM016,TP.HCM,3605,1801,929,118820,128326,123573,0.410977312,0.22,0.04,90276208,66564876,29450116,10400125,428346100,231115126,114799317,774260543,6335,318203516.9,50845327.72,30970421.72,456057026.1,177549951.7,0.229315511,122219.5017,0.446767495,MO_PHONG,HCM_SIM_v1
2/1/2025,2025,1,SIM017,TP.HCM,1527,624,377,122335,132122,127228,0.441779959,0.22,0.04,74592250,156037205,26541356,13610269,186805545,82444128,47964956,317214629,2528,140139065.7,18137708.16,12688585.16,177075563.3,-124531810,-0.392579026,125480.4703,0.411106778,MO_PHONG,HCM_SIM_v1
2/1/2025,2025,1,SIM018,TP.HCM,1753,674,309,112721,121739,117230,0.443511698,0.22,0.04,105160887,167490617,35486755,9059993,197599913,82052086,36224070,315876069,2736,140094731.8,18051458.92,12635042.76,175781337.2,-172103416.5,-0.544844746,115451.7796,0.374438483,MO_PHONG,HCM_SIM_v1
2/1/2025,2025,1,SIM019,TP.HCM,1534,687,323,116493,125812,121153,0.397479907,0.22,0.04,66833482,166869454,26765388,13114103,178700262,86432844,39132419,304265525,2544,120939432.4,19015225.68,12170621,183326092.6,-121442181.1,-0.399132242,119601.2284,0.412683175,MO_PHONG,HCM_SIM_v1
2/1/2025,2025,1,SIM020,TP.HCM,1155,434,303,103944,112260,108102,0.436944144,0.22,0.04,90046780,144686625,26609440,14481194,120055320,48720840,32754906,201531066,1892,88057819.15,10718584.8,8061242.64,113473246.8,-181130619.6,-0.898772696,106517.4767,0.404283804,MO_PHONG,HCM_SIM_v1
3/1/2025,2025,1,SIM001,TP.HCM,3486,1152,550,112683,121698,117190,0.432060236,0.22,0.04,94148584,48450961,27685474,9714103,392812938,140196096,64454500,597463534,5188,258140235.5,30843141.12,23898541.36,339323298.5,104582494,0.175044146,115162.5933,0.342532363,MO_PHONG,HCM_SIM_v1
3/1/2025,2025,1,SIM002,TP.HCM,3026,1554,615,130446,140882,135664,0.430162206,0.22,0.04,101576523,88536026,24099641,11659160,394729596,218930628,83433360,697093584,5195,299863313.6,48164738.16,27883743.36,397230270.4,95310438.92,0.136725457,134185.483,0.433749492,MO_PHONG,HCM_SIM_v1
3/1/2025,2025,1,SIM003,TP.HCM,2050,1139,492,119913,129506,124710,0.403692637,0.22,0.04,74485290,78165937,34782985,13855991,245821650,147507334,61357320,454686304,3681,183553513,32451613.48,18187452.16,271132791,19203522.38,0.042234662,123522.495,0.459359897,MO_PHONG,HCM_SIM_v1
3/1/2025,2025,1,SIM004,TP.HCM,1550,793,376,107133,115704,111418,0.403620149,0.22,0.04,76200579,70870997,26564464,11871448,166056150,91753272,41893168,299702590,2719,120966003.9,20185719.84,11988103.6,178736586.1,-38944725.39,-0.129944574,110225.2997,0.445930214,MO_PHONG,HCM_SIM_v1
3/1/2025,2025,1,SIM005,TP.HCM,3467,2063,955,127486,137685,132585,0.439667629,0.22,0.04,76267768,60195796,36645960,11020902,441993962,284044155,126618675,852656792,6485,374885590.1,62489714.1,34106271.68,477771201.9,197044790.1,0.231095081,131481.3866,0.481627349,MO_PHONG,HCM_SIM_v1
3/1/2025,2025,1,SIM006,TP.HCM,2611,1073,632,123340,133207,128274,0.448839444,0.22,0.04,106536261,46686017,26262960,10232776,322040740,142931111,81069168,546041019,4316,245084747.4,31444844.42,21841640.76,300956271.6,57951772.44,0.106130804,126515.528,0.410226102,MO_PHONG,HCM_SIM_v1
3/1/2025,2025,1,SIM007,TP.HCM,2277,1366,628,126930,137084,132007,0.399446638,0.22,0.04,97502180,51121118,37461303,12563030,289019610,187256744,82900396,559176750,4271,223361273,41196483.68,22367070,335815477,73604292.37,0.131629744,130924.081,0.483133714,MO_PHONG,HCM_SIM_v1
3/1/2025,2025,1,SIM008,TP.HCM,3247,1379,720,130138,140549,135344,0.41004369,0.22,0.04,65793664,60061242,29874012,11280277,422558086,193817071,97447680,713822837,5346,292698549.9,42639755.62,28552913.48,421124287.1,182922423,0.256257454,133524.6609,0.40803507,MO_PHONG,HCM_SIM_v1
3/1/2025,2025,1,SIM009,TP.HCM,3919,2119,795,123291,133154,128223,0.464232442,0.22,0.04,77803717,93247032,36479278,10670640,483177429,282153326,101937285,867268040,6833,402613960.1,62073731.72,34690721.6,464654079.9,149688959.6,0.172598266,126923.4655,0.442874167,MO_PHONG,HCM_SIM_v1
3/1/2025,2025,1,SIM010,TP.HCM,3135,1165,654,119208,128745,123976,0.455185255,0.22,0.04,67118420,62431492,26424494,9335984,373717080,149987925,81080304,604785309,4954,275289355.2,32997343.5,24191412.36,329495953.8,106996807.9,0.176917009,122080.1996,0.382066538,MO_PHONG,HCM_SIM_v1
3/1/2025,2025,1,SIM011,TP.HCM,3724,1817,956,105867,114336,110102,0.442038064,0.22,0.04,68503612,59122905,29644212,13290946,394248708,207748512,105257512,707254732,6497,312633512.2,45704672.64,28290189.28,394621219.8,150064682.8,0.212179115,108858.6628,0.442564765,MO_PHONG,HCM_SIM_v1
3/1/2025,2025,1,SIM012,TP.HCM,2806,1176,500,104868,113257,109063,0.405894546,0.22,0.04,110710497,44643187,24131101,8551095,294259608,133190232,54531500,481981340,4482,195633597,29301851.04,19279253.6,286347743,49730758.34,0.103179842,107537.1129,0.389479252,MO_PHONG,HCM_SIM_v1
3/1/2025,2025,1,SIM013,TP.HCM,3330,1225,523,113089,122136,117613,0.405562062,0.22,0.04,72376085,60503049,35867418,13342931,376586370,149616600,61511599,587714569,5078,238354732.2,32915652,23508582.76,349359836.8,110846119,0.188605362,115737.4102,0.359235946,MO_PHONG,HCM_SIM_v1
3/1/2025,2025,1,SIM014,TP.HCM,3472,1559,809,105000,113400,109200,0.433397284,0.22,0.04,92377334,67496577,25828076,13644253,364560000,176790600,88342800,629693400,5840,272907409.4,38893932,25187736,356785990.6,93358082.58,0.148259586,107824.2123,0.421051578,MO_PHONG,HCM_SIM_v1
3/1/2025,2025,1,SIM015,TP.HCM,2361,971,471,132620,143230,137925,0.426908302,0.22,0.04,80730637,50557718,23412467,14045624,313115820,139076330,64962675,517154825,3803,220777688.3,30596792.6,20686193,296377136.7,76347705.08,0.147630267,135986.0176,0.394541432,MO_PHONG,HCM_SIM_v1
3/1/2025,2025,1,SIM016,TP.HCM,3496,1746,901,114515,123676,119096,0.423891022,0.22,0.04,90276208,66564876,29450116,10400125,400344440,215938296,107305496,723588232,6143,306722555.3,47506425.12,28943529.28,416865676.7,143724397.3,0.198627328,117790.6938,0.446723396,MO_PHONG,HCM_SIM_v1
3/1/2025,2025,1,SIM017,TP.HCM,2144,875,529,117915,127348,122632,0.428578925,0.22,0.04,74592250,156037205,26541356,13610269,252809760,111429500,64872328,429111588,3548,183908183.2,24514490,17164463.52,245203404.8,-67256628.75,-0.15673459,120944.6415,0.410853104,MO_PHONG,HCM_SIM_v1
3/1/2025,2025,1,SIM018,TP.HCM,1948,749,343,111056,119940,115498,0.441481465,0.22,0.04,105160887,167490617,35486755,9059993,216337088,89835060,39615814,345787962,3040,152658976,19763713.2,13831518.48,193128986,-157664497.7,-0.455957162,113746.0401,0.374364895,MO_PHONG,HCM_SIM_v1
3/1/2025,2025,1,SIM019,TP.HCM,1995,894,420,115917,125190,120554,0.410247339,0.22,0.04,66833482,166869454,26765388,13114103,231254415,111919860,50632680,393806955,3309,161558255.4,24622369.2,15752278.2,232248699.6,-81708374.84,-0.207483321,119010.8658,0.412772141,MO_PHONG,HCM_SIM_v1
3/1/2025,2025,1,SIM020,TP.HCM,1583,595,415,102710,110927,106818,0.426076071,0.22,0.04,90046780,144686625,26609440,14481194,162589930,66001565,44329470,272920965,2593,116285092.4,14520344.3,10916838.6,156635872.6,-144625349.3,-0.529916598,105252.9753,0.404260021,MO_PHONG,HCM_SIM_v1
4/1/2025,2025,2,SIM001,TP.HCM,3647,1206,575,116108,125397,120752,0.433715321,0.22,0.04,94148584,48450961,27685474,9714103,423445876,151228782,69432400,644107058,5428,279359099.4,33270332.04,25764282.32,364747958.6,125714222.2,0.195175974,118663.7911,0.342584636,MO_PHONG,HCM_SIM_v1
4/1/2025,2025,2,SIM002,TP.HCM,2850,1464,579,131875,142425,137150,0.439704,0.22,0.04,101576523,88536026,24099641,11659160,375843750,208510200,79409850,663763800,4893,291859597.7,45872244,26550552,371904202.3,73610056.31,0.110897967,135655.794,0.433768835,MO_PHONG,HCM_SIM_v1
4/1/2025,2025,2,SIM003,TP.HCM,2021,1123,486,119746,129326,124536,0.40088336,0.22,0.04,74485290,78165937,34782985,13855991,242006666,145233098,60524496,447764260,3630,179501241.1,31951281.56,17910570.4,268263018.9,17110963.91,0.038214224,123351.0358,0.459522147,MO_PHONG,HCM_SIM_v1
4/1/2025,2025,2,SIM004,TP.HCM,1770,906,430,108385,117056,112720,0.39976323,0.22,0.04,76200579,70870997,26564464,11871448,191841450,106052736,48469600,346363786,3106,138463505.7,23331601.92,13854551.44,207900280.3,-14793361.04,-0.042710473,111514.4192,0.446127287,MO_PHONG,HCM_SIM_v1
4/1/2025,2025,2,SIM005,TP.HCM,3666,2181,1010,129009,139330,134169,0.44768342,0.22,0.04,76267768,60195796,36645960,11020902,472946994,303878730,135510690,912336414,6857,408437886.3,66853320.6,36493456.56,503898527.7,216421324.5,0.237216581,133051.8323,0.481608991,MO_PHONG,HCM_SIM_v1
4/1/2025,2025,2,SIM006,TP.HCM,2855,1174,692,121604,131332,126468,0.438070002,0.22,0.04,106536261,46686017,26262960,10232776,347179420,154183768,87515856,588879044,4721,257970244,33920428.96,23555161.76,330908800,83715195.26,0.142160255,124736.0822,0.410440185,MO_PHONG,HCM_SIM_v1
4/1/2025,2025,2,SIM007,TP.HCM,2240,1344,618,130892,141363,136128,0.415237093,0.22,0.04,97502180,51121118,37461303,12563030,293198080,189991872,84127104,567317056,4202,235571084.9,41798211.84,22692682.24,331745971.1,68607445.98,0.120933163,135011.1985,0.483184796,MO_PHONG,HCM_SIM_v1
4/1/2025,2025,2,SIM008,TP.HCM,3603,1530,799,127670,137884,132777,0.401862032,0.22,0.04,65793664,60061242,29874012,11280277,459995010,210962520,106088823,777046353,5932,312265426.2,46411754.4,31081854.12,464780926.8,220278123.3,0.283481317,130992.305,0.408021145,MO_PHONG,HCM_SIM_v1
4/1/2025,2025,2,SIM009,TP.HCM,3553,1922,721,127610,137819,132714,0.468113177,0.22,0.04,77803717,93247032,36479278,10670640,453398330,264888118,95686794,813973242,6196,381031600.2,58275385.96,32558929.68,432941641.8,123906659.1,0.152224487,131370.7621,0.442981284,MO_PHONG,HCM_SIM_v1
4/1/2025,2025,2,SIM010,TP.HCM,3275,1216,682,118960,128477,123718,0.458270584,0.22,0.04,67118420,62431492,26424494,9335984,389594000,156228032,84375676,630197708,5173,288801071.8,34370167.04,25207908.32,341396636.2,116508170.9,0.184875586,121824.4168,0.381790833,MO_PHONG,HCM_SIM_v1
4/1/2025,2025,2,SIM011,TP.HCM,3415,1667,877,101363,109472,105418,0.443078826,0.22,0.04,68503612,59122905,29644212,13290946,346154645,182489824,92451586,621096055,5959,275194510.7,40147761.28,24843842.2,345901544.3,110348265.8,0.177666989,104228.2354,0.442671319,MO_PHONG,HCM_SIM_v1
4/1/2025,2025,2,SIM012,TP.HCM,3388,1419,603,100006,108006,104006,0.399487635,0.22,0.04,110710497,44643187,24131101,8551095,338820328,153260514,62715618,554796460,5410,221634326,33717313.08,22191858.4,333162134,89217082.56,0.160810476,102550.1774,0.389288951,MO_PHONG,HCM_SIM_v1
4/1/2025,2025,2,SIM013,TP.HCM,4138,1522,650,112336,121323,116829,0.412253765,0.22,0.04,72376085,60503049,35867418,13342931,464846368,184653606,75938850,725438824,6310,299064886.4,40623793.32,29017552.96,426373937.6,174643108.3,0.240741331,114966.5331,0.359220443,MO_PHONG,HCM_SIM_v1
4/1/2025,2025,2,SIM014,TP.HCM,3895,1750,908,109018,117739,113379,0.419306324,0.22,0.04,92377334,67496577,25828076,13644253,424625110,206043250,102948132,733616492,6553,307610034.4,45329515,29344659.68,426006457.6,151986042.9,0.2071737,111951.2425,0.421189253,MO_PHONG,HCM_SIM_v1
4/1/2025,2025,2,SIM015,TP.HCM,2562,1053,511,126903,137055,131979,0.425994739,0.22,0.04,80730637,50557718,23412467,14045624,325125486,144318915,67441269,536885670,4126,228710470.9,31750161.3,21475426.8,308175199.1,86203164.97,0.160561493,130122.557,0.394423237,MO_PHONG,HCM_SIM_v1
4/1/2025,2025,2,SIM016,TP.HCM,3327,1662,857,113122,122172,117647,0.416596215,0.22,0.04,90276208,66564876,29450116,10400125,376356894,203049864,100823479,680230237,5846,283381342.3,44670970.08,27209209.48,396848894.7,128277390.2,0.188579371,116358.2342,0.446721311,MO_PHONG,HCM_SIM_v1
4/1/2025,2025,2,SIM017,TP.HCM,2330,952,575,123639,133530,128585,0.433415455,0.22,0.04,74592250,156037205,26541356,13610269,288078870,127120560,73936375,489135805,3857,211999017.3,27966523.2,19565432.2,277136787.7,-41176247.71,-0.084181627,126817.6834,0.411045221,MO_PHONG,HCM_SIM_v1
4/1/2025,2025,2,SIM018,TP.HCM,2398,923,423,111936,120891,116413,0.446821781,0.22,0.04,105160887,167490617,35486755,9059993,268422528,111582393,49242699,429247620,3744,191797186.1,24548126.46,17169904.8,237450433.9,-121465849.4,-0.282973845,114649.4712,0.374667405,MO_PHONG,HCM_SIM_v1
4/1/2025,2025,2,SIM019,TP.HCM,2604,1166,548,117934,127369,122651,0.398212919,0.22,0.04,66833482,166869454,26765388,13114103,307100136,148512254,67212748,522825138,4318,208195724.5,32672695.88,20913005.52,314629413.5,-12538714.93,-0.023982617,121080.3932,0.412614058,MO_PHONG,HCM_SIM_v1
4/1/2025,2025,2,SIM020,TP.HCM,2011,756,527,106188,114683,110436,0.425446864,0.22,0.04,90046780,144686625,26609440,14481194,213544068,86700348,58199772,358444188,3294,152498955.6,19074076.56,14337767.52,205945232.4,-103290650.7,-0.288163832,108817.3005,0.404247369,MO_PHONG,HCM_SIM_v1
5/1/2025,2025,2,SIM001,TP.HCM,3321,1098,524,117079,126445,121762,0.432555818,0.22,0.04,94148584,48450961,27685474,9714103,388819359,138836610,63803288,591459257,4943,255839142.5,30544054.2,23658370.28,335620114.5,101418568,0.171471774,119655.929,0.342610071,MO_PHONG,HCM_SIM_v1
5/1/2025,2025,2,SIM002,TP.HCM,2836,1456,576,128015,138256,133136,0.429077009,0.22,0.04,101576523,88536026,24099641,11659160,363050540,201300736,76686336,641037612,4868,275054501.4,44286161.92,25641504.48,365983110.6,70184094.25,0.109485142,131683.9795,0.433651734,MO_PHONG,HCM_SIM_v1
5/1/2025,2025,2,SIM003,TP.HCM,2259,1255,543,122926,132760,127843,0.40890312,0.22,0.04,74485290,78165937,34782985,13855991,277689834,166613800,69418749,513722383,4057,210062685.3,36655036,20548895.32,303659697.7,45165563.38,0.087918231,126626.1728,0.459455451,MO_PHONG,HCM_SIM_v1
5/1/2025,2025,2,SIM004,TP.HCM,1641,841,399,105753,114213,109983,0.403660812,0.22,0.04,76200579,70870997,26564464,11871448,173540673,96053133,43883217,313477023,2881,126538389.6,21131689.26,12539080.92,186938633.4,-32239624.74,-0.102845256,108808.4078,0.44640066,MO_PHONG,HCM_SIM_v1
5/1/2025,2025,2,SIM005,TP.HCM,3846,2289,1059,131996,142556,137276,0.444928667,0.22,0.04,76267768,60195796,36645960,11020902,507656616,326310684,145375284,979342584,7194,435737590.3,71788350.48,39173703.36,543604993.7,248512513.8,0.253754425,136133.2477,0.481635309,MO_PHONG,HCM_SIM_v1
5/1/2025,2025,2,SIM006,TP.HCM,3026,1244,733,118224,127682,122953,0.440383228,0.22,0.04,106536261,46686017,26262960,10232776,357745824,158836408,90124549,606706781,5003,267183490.7,34944009.76,24268271.24,339523290.3,90592995.35,0.14931924,121268.595,0.410348071,MO_PHONG,HCM_SIM_v1
5/1/2025,2025,2,SIM007,TP.HCM,2343,1407,647,130791,141254,136023,0.40472876,0.22,0.04,97502180,51121118,37461303,12563030,306443313,198744378,88006881,593194572,4397,240082903.4,43723763.16,23727782.88,353111668.6,87012491.53,0.146684571,134908.9315,0.483401691,MO_PHONG,HCM_SIM_v1
5/1/2025,2025,2,SIM008,TP.HCM,3574,1517,793,129552,139916,134734,0.400597621,0.22,0.04,65793664,60061242,29874012,11280277,463018848,212252572,106844062,782115482,5884,313313601.3,46695565.84,31284619.28,468801880.7,223812500.6,0.286162985,132922.4137,0.407991711,MO_PHONG,HCM_SIM_v1
5/1/2025,2025,2,SIM009,TP.HCM,3482,1883,706,126623,136753,131688,0.460288361,0.22,0.04,77803717,93247032,36479278,10670640,440901286,257505899,92971728,791378913,6071,364262502.7,56651297.78,31655156.52,427116410.3,120609289,0.152403971,130353.9636,0.442869555,MO_PHONG,HCM_SIM_v1
5/1/2025,2025,2,SIM010,TP.HCM,4009,1490,836,114730,123908,119319,0.452444443,0.22,0.04,67118420,62431492,26424494,9335984,459952570,184622920,99750684,744326174,6335,336766241.4,40617042.4,29773046.96,407559932.6,171859453.2,0.230892664,117494.2658,0.382055091,MO_PHONG,HCM_SIM_v1
5/1/2025,2025,2,SIM011,TP.HCM,3589,1751,922,105814,114279,110047,0.445389098,0.22,0.04,68503612,59122905,29644212,13290946,379766446,200102529,101463334,681332309,6262,303457982.4,44022556.38,27253292.36,377874326.6,136036802.8,0.199662927,108804.2653,0.44261201,MO_PHONG,HCM_SIM_v1
5/1/2025,2025,2,SIM012,TP.HCM,2988,1252,532,104742,113121,108932,0.405953091,0.22,0.04,110710497,44643187,24131101,8551095,312969096,141627492,57951824,512548412,4772,208070612.3,31158048.24,20501936.48,304477799.7,64781935.02,0.126391836,107407.4627,0.389386273,MO_PHONG,HCM_SIM_v1
5/1/2025,2025,2,SIM013,TP.HCM,3946,1450,619,108113,116762,112438,0.411845149,0.22,0.04,72376085,60503049,35867418,13342931,426613898,169304900,69599122,665517920,6015,274090326.7,37247078,26620716.8,391427593.3,145470315.5,0.218582116,110643.0457,0.358974589,MO_PHONG,HCM_SIM_v1
5/1/2025,2025,2,SIM014,TP.HCM,3519,1580,820,107222,115800,111511,0.427812945,0.22,0.04,92377334,67496577,25828076,13644253,377314218,182964000,91439020,651717238,5919,278813071,40252080,26068689.52,372904167,107237157.5,0.164545529,110105.9703,0.421046129,MO_PHONG,HCM_SIM_v1
5/1/2025,2025,2,SIM015,TP.HCM,2222,913,443,128049,138293,133171,0.41905822,0.22,0.04,80730637,50557718,23412467,14045624,284524878,126261509,58994753,469781140,3578,196865648.3,27777531.98,18791245.6,272915491.7,57600268.12,0.122610857,131297.1325,0.394345891,MO_PHONG,HCM_SIM_v1
5/1/2025,2025,2,SIM016,TP.HCM,3783,1889,975,118483,127962,123222,0.415320437,0.22,0.04,90276208,66564876,29450116,10400125,448221189,241720218,120141450,810082857,6647,336443966.2,53178447.96,32403314.28,473638890.8,191365803.5,0.236229914,121871.9508,0.446697106,MO_PHONG,HCM_SIM_v1
5/1/2025,2025,2,SIM017,TP.HCM,2260,922,557,123600,133488,128544,0.442648451,0.22,0.04,74592250,156037205,26541356,13610269,279336000,123075936,71599008,474010944,3739,209820210.3,27076705.92,18960437.76,264190733.7,-52627490.02,-0.111025897,126774.7911,0.41069715,MO_PHONG,HCM_SIM_v1
5/1/2025,2025,2,SIM018,TP.HCM,2305,886,406,109375,118125,113750,0.440493355,0.22,0.04,105160887,167490617,35486755,9059993,252109375,104658750,46182500,402950625,3597,177497072.7,23024925,16118025,225453552.3,-130887649.7,-0.324823047,112024.0826,0.37434177,MO_PHONG,HCM_SIM_v1
5/1/2025,2025,2,SIM019,TP.HCM,2565,1149,540,115934,125209,120571,0.41237121,0.22,0.04,66833482,166869454,26765388,13114103,297370710,143865141,65108340,506344191,4254,208801766.9,31650331.02,20253767.64,297542424.1,-27944101.53,-0.055187957,119027.7835,0.412710336,MO_PHONG,HCM_SIM_v1
5/1/2025,2025,2,SIM020,TP.HCM,1846,694,484,103312,111577,107444,0.436515468,0.22,0.04,90046780,144686625,26609440,14481194,190713952,77434438,52002896,320151286,3024,139750988.3,17035576.36,12806051.44,180400297.7,-125265369.1,-0.391269299,105870.1343,0.404300528,MO_PHONG,HCM_SIM_v1
6/1/2025,2025,2,SIM001,TP.HCM,3707,1225,585,115644,124896,120270,0.441801974,0.22,0.04,94148584,48450961,27685474,9714103,428692308,152997600,70357950,652047858,5517,288076031,33659472,26081914.32,363971827,124231318.7,0.190524847,118188.845,0.342544719,MO_PHONG,HCM_SIM_v1
6/1/2025,2025,2,SIM002,TP.HCM,3531,1814,717,126560,136685,131622,0.431621169,0.22,0.04,101576523,88536026,24099641,11659160,446883360,247946590,94372974,789202924,6062,340636688.3,54548249.8,31568116.96,448566235.7,136578518.9,0.17305881,130188.5391,0.433753542,MO_PHONG,HCM_SIM_v1
6/1/2025,2025,2,SIM003,TP.HCM,2252,1251,541,118244,127704,122974,0.399071568,0.22,0.04,74485290,78165937,34782985,13855991,266285488,159757704,66528934,492572126,4044,196571530.8,35146694.88,19702885.04,296000595.2,39860812.3,0.080923808,121803.1963,0.459397977,MO_PHONG,HCM_SIM_v1
6/1/2025,2025,2,SIM004,TP.HCM,1987,1017,483,104367,112716,108542,0.40243659,0.22,0.04,76200579,70870997,26564464,11871448,207377229,114632172,52425786,374435187,3487,150686419.7,25219077.84,14977407.48,223748767.3,-1955206.054,-0.005221748,107380.3232,0.44615988,MO_PHONG,HCM_SIM_v1
6/1/2025,2025,2,SIM005,TP.HCM,3664,2180,1009,133968,144685,139327,0.455429052,0.22,0.04,76267768,60195796,36645960,11020902,490858752,315413300,140580943,946852995,6853,431224362.1,69390926,37874119.8,515628632.9,224233161.1,0.236819403,138166.2039,0.48158927,MO_PHONG,HCM_SIM_v1
6/1/2025,2025,2,SIM006,TP.HCM,2939,1209,712,118952,128468,123710,0.446042961,0.22,0.04,106536261,46686017,26262960,10232776,349599928,155317812,88081520,592999260,4860,264503145.5,34169918.64,23719970.4,328496114.5,80888211.42,0.136405249,122016.3086,0.410454698,MO_PHONG,HCM_SIM_v1
6/1/2025,2025,2,SIM007,TP.HCM,2575,1546,711,127019,137181,132100,0.411098362,0.22,0.04,97502180,51121118,37461303,12563030,327073925,212081826,93923100,633078851,4832,260257678.7,46658001.72,25323154.04,372821172.3,102192385.5,0.16142126,131017.9741,0.483359894,MO_PHONG,HCM_SIM_v1
6/1/2025,2025,2,SIM008,TP.HCM,3768,1600,836,127144,137316,132230,0.399179281,0.22,0.04,65793664,60061242,29874012,11280277,479078592,219705600,110544280,809328472,6204,323067157.6,48335232,32373138.88,486261314.4,238543748.5,0.294742811,130452.6873,0.408054197,MO_PHONG,HCM_SIM_v1
6/1/2025,2025,2,SIM009,TP.HCM,4298,2324,872,126706,136842,131774,0.455880861,0.22,0.04,77803717,93247032,36479278,10670640,544582388,318020808,114906928,977510124,7494,445628156.7,69964577.76,39100404.96,531881967.3,204616317.6,0.209323988,130439.0344,0.442888238,MO_PHONG,HCM_SIM_v1
6/1/2025,2025,2,SIM010,TP.HCM,3586,1332,748,117823,127249,122536,0.455240035,0.22,0.04,67118420,62431492,26424494,9335984,422513278,169495668,91656928,683665874,5666,311232076.2,37289046.96,27346634.96,372433797.8,142487725.9,0.208417198,120661.1144,0.381988638,MO_PHONG,HCM_SIM_v1
6/1/2025,2025,2,SIM011,TP.HCM,4145,2022,1064,99943,107938,103941,0.449851062,0.22,0.04,68503612,59122905,29644212,13290946,414263735,218250636,110593224,743107595,7231,334287740.9,48015139.92,29724303.8,408819854.1,160518735.4,0.216010086,102766.9195,0.442525231,MO_PHONG,HCM_SIM_v1
6/1/2025,2025,2,SIM012,TP.HCM,3454,1447,615,103405,111677,107541,0.40730978,0.22,0.04,110710497,44643187,24131101,8551095,357160870,161596619,66137715,584895204,5516,238233536.6,35551256.18,23395808.16,346661667.4,99678723.04,0.170421509,106036.1139,0.389359209,MO_PHONG,HCM_SIM_v1
6/1/2025,2025,2,SIM013,TP.HCM,4127,1518,648,114463,123620,119042,0.409383167,0.22,0.04,72376085,60503049,35867418,13342931,472388801,187655160,77139216,737183177,6293,301790383.7,41284135.2,29487327.08,435392793.3,182531848,0.247607181,117143.362,0.35919753,MO_PHONG,HCM_SIM_v1
6/1/2025,2025,2,SIM014,TP.HCM,4015,1803,936,106458,114975,110716,0.425803454,0.22,0.04,92377334,67496577,25828076,13644253,427428870,207299925,103630176,738358971,6754,314395799.8,45605983.5,29534358.84,423963171.2,149476588.9,0.202444332,109321.731,0.421109668,MO_PHONG,HCM_SIM_v1
6/1/2025,2025,2,SIM015,TP.HCM,2559,1052,510,129294,139638,134466,0.429538681,0.22,0.04,80730637,50557718,23412467,14045624,330863346,146899176,68577660,546340182,4121,234674241.3,32317818.72,21853607.28,311665940.7,88748068.65,0.162441042,132574.662,0.394400491,MO_PHONG,HCM_SIM_v1
6/1/2025,2025,2,SIM016,TP.HCM,3511,1753,904,117036,126399,121717,0.41603954,0.22,0.04,90276208,66564876,29450116,10400125,410913396,221577447,110032168,742523011,6168,308918931.6,48747038.34,29700920.44,433604079.4,158464795.6,0.213413986,120383.1081,0.446598435,MO_PHONG,HCM_SIM_v1
6/1/2025,2025,2,SIM017,TP.HCM,2432,993,600,123483,133362,128422,0.435798518,0.22,0.04,74592250,156037205,26541356,13610269,300310656,132428466,77053200,509792322,4025,222166738.4,29134262.52,20391692.88,287625583.6,-32681451.84,-0.064107383,126656.4775,0.410915694,MO_PHONG,HCM_SIM_v1
6/1/2025,2025,2,SIM018,TP.HCM,2239,861,394,113631,122721,118176,0.443495117,0.22,0.04,105160887,167490617,35486755,9059993,254419809,105662781,46561344,406643934,3494,180344599.1,23245811.82,16265757.36,226299334.9,-130410486.3,-0.320699451,116383.4957,0.374342545,MO_PHONG,HCM_SIM_v1
6/1/2025,2025,2,SIM019,TP.HCM,2338,1048,493,119943,129538,124741,0.412263604,0.22,0.04,66833482,166869454,26765388,13114103,280426734,135755824,61497313,477679871,3879,196930025.3,29866281.28,19107194.84,280749845.7,-41806057.4,-0.087518985,123145.1072,0.412940023,MO_PHONG,HCM_SIM_v1
6/1/2025,2025,2,SIM020,TP.HCM,2037,766,534,101528,109650,105589,0.419101195,0.22,0.04,90046780,144686625,26609440,14481194,206812536,83991900,56384526,347188962,3337,145507308.8,18478218,13887558.48,201681653.2,-106508162.3,-0.306772893,104042.2421,0.404322837,MO_PHONG,HCM_SIM_v1
7/1/2025,2025,3,SIM001,TP.HCM,4095,1354,646,114003,123123,118563,0.437907758,0.22,0.04,94148584,48450961,27685474,9714103,466842285,166708542,76591698,710142525,6095,310976921,36675879.24,28405701,399165604,154084901.8,0.216977432,116512.3093,0.34260762,MO_PHONG,HCM_SIM_v1
7/1/2025,2025,3,SIM002,TP.HCM,3621,1859,735,130223,140641,135432,0.425820836,0.22,0.04,101576523,88536026,24099641,11659160,471537483,261451619,99542520,832531622,6215,354509311.7,57519356.18,33301264.88,478022310.3,161330339.3,0.193782837,133955.2087,0.433610123,MO_PHONG,HCM_SIM_v1
7/1/2025,2025,3,SIM003,TP.HCM,2371,1317,569,120191,129806,124999,0.40395416,0.22,0.04,74485290,78165937,34782985,13855991,284972861,170954502,71124431,527051794,4257,212904764.6,37609990.44,21082071.76,314147029.4,54164764.15,0.102769338,123808.2673,0.459307673,MO_PHONG,HCM_SIM_v1
7/1/2025,2025,3,SIM004,TP.HCM,1965,1006,477,106692,115227,110960,0.403096842,0.22,0.04,76200579,70870997,26564464,11871448,209649780,115918362,52927920,378496062,3448,152570567.2,25502039.64,15139842.48,225925494.8,-223875.2779,-0.000591486,109772.6398,0.446097857,MO_PHONG,HCM_SIM_v1
7/1/2025,2025,3,SIM005,TP.HCM,3985,2371,1097,130399,140831,135615,0.450129281,0.22,0.04,76267768,60195796,36645960,11020902,519640015,333910301,148769655,1002319971,7453,451173568.1,73460266.22,40092798.84,551146402.9,253462911.9,0.252876246,134485.4382,0.481562744,MO_PHONG,HCM_SIM_v1
7/1/2025,2025,3,SIM006,TP.HCM,2984,1227,723,124466,134423,129445,0.43394257,0.22,0.04,106536261,46686017,26262960,10232776,371406544,164937021,93588735,629932300,4934,273354441.5,36286144.62,25197292,356577858.5,105376407.9,0.167282116,127671.7268,0.410402445,MO_PHONG,HCM_SIM_v1
7/1/2025,2025,3,SIM007,TP.HCM,2600,1560,717,128091,138338,133215,0.399924432,0.22,0.04,97502180,51121118,37461303,12563030,333036600,215807280,95515155,644359035,4877,257694921,47477601.6,25774361.4,386664114,114764520,0.178106481,132122.0084,0.48315057,MO_PHONG,HCM_SIM_v1
7/1/2025,2025,3,SIM008,TP.HCM,3638,1545,807,124624,134594,129609,0.402038294,0.22,0.04,65793664,60061242,29874012,11280277,453382112,207947730,104594463,765924305,5990,307930900.8,45748500.6,30636972.2,457993404.2,214598736.4,0.280182696,127867.1628,0.408058852,MO_PHONG,HCM_SIM_v1
7/1/2025,2025,3,SIM009,TP.HCM,4343,2349,881,122993,132832,127913,0.455168649,0.22,0.04,77803717,93247032,36479278,10670640,534158599,312022368,112691353,958872320,7573,436448618,68644920.96,38354892.8,522423702,197223221.2,0.205682464,126617.2349,0.442930422,MO_PHONG,HCM_SIM_v1
7/1/2025,2025,3,SIM010,TP.HCM,3883,1443,810,119863,129452,124658,0.454371606,0.22,0.04,67118420,62431492,26424494,9335984,465428029,186799236,100972980,753200245,6136,342232805,41095831.92,30128009.8,410967440,174433208.2,0.23158942,122751.0178,0.382066015,MO_PHONG,HCM_SIM_v1
7/1/2025,2025,3,SIM011,TP.HCM,4220,2059,1084,102952,111188,107070,0.442799248,0.22,0.04,68503612,59122905,29644212,13290946,434457440,228936092,116063880,779457412,7363,345143155.6,50365940.24,31178296.48,434314256.4,182208344.7,0.233763053,105861.3897,0.442615551,MO_PHONG,HCM_SIM_v1
7/1/2025,2025,3,SIM012,TP.HCM,3498,1466,623,103289,111552,107421,0.400984053,0.22,0.04,110710497,44643187,24131101,8551095,361304922,163535232,66923283,591763437,5587,237287701.4,35977751.04,23670537.48,354475735.6,106791567.1,0.180463274,105917.9232,0.389443654,MO_PHONG,HCM_SIM_v1
7/1/2025,2025,3,SIM013,TP.HCM,3836,1410,602,112345,121333,116839,0.413794245,0.22,0.04,72376085,60503049,35867418,13342931,430955420,171079530,70337078,672372028,5848,278223675.7,37637496.6,26894881.12,394148352.3,147526491.6,0.219412,114974.697,0.359052129,MO_PHONG,HCM_SIM_v1
7/1/2025,2025,3,SIM014,TP.HCM,3705,1664,864,108729,117427,113078,0.41465062,0.22,0.04,92377334,67496577,25828076,13644253,402840945,195398528,97699392,695938865,6233,288571482.2,42987676.16,27837554.6,407367382.8,137195912.1,0.197137879,111653.9171,0.421154694,MO_PHONG,HCM_SIM_v1
7/1/2025,2025,3,SIM015,TP.HCM,2394,984,477,129091,139418,134255,0.429710975,0.22,0.04,80730637,50557718,23412467,14045624,309043854,137187312,64039635,510270801,3855,219268963.5,30181208.64,20410832.04,291001837.5,71663350.85,0.140441802,132365.9665,0.394353247,MO_PHONG,HCM_SIM_v1
7/1/2025,2025,3,SIM016,TP.HCM,3899,1947,1004,113769,122871,118320,0.413514546,0.22,0.04,90276208,66564876,29450116,10400125,443585331,239229837,118793280,801608448,6850,331476753.8,52630564.14,32064337.92,470131694.2,188745467.2,0.235458431,117023.1311,0.446630918,MO_PHONG,HCM_SIM_v1
7/1/2025,2025,3,SIM017,TP.HCM,2652,1082,653,122831,132657,127744,0.446415874,0.22,0.04,74592250,156037205,26541356,13610269,325747812,143534874,83416832,552699518,4387,246733838.3,31577672.28,22107980.72,305965679.7,-18501053.32,-0.033473981,125985.7575,0.410624035,MO_PHONG,HCM_SIM_v1
7/1/2025,2025,3,SIM018,TP.HCM,2662,1024,469,113765,122866,118316,0.44805929,0.22,0.04,105160887,167490617,35486755,9059993,302842430,125814784,55490204,484147418,4155,216926748.3,27679252.48,19365896.72,267220669.7,-97022731.55,-0.200399151,116521.6409,0.374483022,MO_PHONG,HCM_SIM_v1
7/1/2025,2025,3,SIM019,TP.HCM,2406,1078,507,120360,129989,125174,0.413418508,0.22,0.04,66833482,166869454,26765388,13114103,289586160,140128142,63463218,493177520,3991,203888714.6,30828191.24,19727100.8,289288805.4,-34848913.67,-0.070662008,123572.4179,0.412815572,MO_PHONG,HCM_SIM_v1
7/1/2025,2025,3,SIM020,TP.HCM,1828,688,479,104532,112895,108713,0.426846371,0.22,0.04,90046780,144686625,26609440,14481194,191084496,77671760,52073527,320829783,2995,136945028.5,17087787.2,12833191.32,183884754.5,-121860263,-0.379828399,107121.7973,0.40440537,MO_PHONG,HCM_SIM_v1
8/1/2025,2025,3,SIM001,TP.HCM,3903,1290,615,112878,121908,117393,0.428870181,0.22,0.04,94148584,48450961,27685474,9714103,440562834,157261320,72196695,670020849,5808,287351962.7,34597490.4,26800833.96,382668886.3,141271439.9,0.210846334,115361.7164,0.342463992,MO_PHONG,HCM_SIM_v1
8/1/2025,2025,3,SIM002,TP.HCM,3069,1576,623,131167,141660,136414,0.425269396,0.22,0.04,101576523,88536026,24099641,11659160,402551523,223256160,84985922,710793605,5268,302278767,49116355.2,28431744.2,408514838,105095388.6,0.147856407,134926.6524,0.433659054,MO_PHONG,HCM_SIM_v1
8/1/2025,2025,3,SIM003,TP.HCM,2127,1182,511,121929,131683,126806,0.411462496,0.22,0.04,74485290,78165937,34782985,13855991,259342983,155649306,64797866,479790155,3820,197415654.8,34242847.32,19191606.2,282374500.2,27649843.68,0.057629035,125599.517,0.45946581,MO_PHONG,HCM_SIM_v1
8/1/2025,2025,3,SIM004,TP.HCM,1773,907,430,104237,112576,108406,0.410356357,0.22,0.04,76200579,70870997,26564464,11871448,184812201,102106432,46614580,333533213,3110,136867474.1,22463415.04,13341328.52,196665738.9,-24646492.7,-0.073895168,107245.4061,0.44589566,MO_PHONG,HCM_SIM_v1
8/1/2025,2025,3,SIM005,TP.HCM,3274,1948,902,133803,144507,139155,0.437331313,0.22,0.04,76267768,60195796,36645960,11020902,438071022,281499636,125517810,845088468,6124,369583649.3,61929919.92,33803538.72,475504818.7,195640934.1,0.231503495,137996.1574,0.481627027,MO_PHONG,HCM_SIM_v1
8/1/2025,2025,3,SIM006,TP.HCM,2927,1204,709,124991,134990,129991,0.448776591,0.22,0.04,106536261,46686017,26262960,10232776,365848657,162527960,92163619,620540236,4840,278483931.6,35756151.2,24821609.44,342056304.4,91760529.73,0.147872006,128210.7926,0.410435237,MO_PHONG,HCM_SIM_v1
8/1/2025,2025,3,SIM007,TP.HCM,2452,1471,676,130748,141208,135978,0.397135309,0.22,0.04,97502180,51121118,37461303,12563030,320594096,207716968,91921128,620232192,4599,246316103.3,45697732.96,24809287.68,373916088.7,104761437,0.168906804,134862.4031,0.483106327,MO_PHONG,HCM_SIM_v1
8/1/2025,2025,3,SIM008,TP.HCM,4078,1731,904,125318,135343,130331,0.406235106,0.22,0.04,65793664,60061242,29874012,11280277,511046804,234278733,117819224,863144761,6713,350639703.1,51541321.26,34525790.44,512505057.9,259428751.2,0.300562273,128578.0964,0.407924572,MO_PHONG,HCM_SIM_v1
8/1/2025,2025,3,SIM009,TP.HCM,4112,2224,834,124172,134106,129139,0.455839441,0.22,0.04,77803717,93247032,36479278,10670640,510595264,298251744,107701926,916548934,7170,417799153.6,65615383.68,36661957.36,498749780.4,178271772.4,0.194503278,127831.0926,0.442915435,MO_PHONG,HCM_SIM_v1
8/1/2025,2025,3,SIM010,TP.HCM,3385,1257,705,118318,127783,123051,0.465550613,0.22,0.04,67118420,62431492,26424494,9335984,400506430,160623231,86750955,647880616,5347,301621217.8,35337110.82,25915224.64,346259398.2,119696672.7,0.184751125,121167.1247,0.381820632,MO_PHONG,HCM_SIM_v1
8/1/2025,2025,3,SIM011,TP.HCM,3920,1913,1007,103701,111997,107849,0.460003684,0.22,0.04,68503612,59122905,29644212,13290946,406507920,214250261,108603943,729362124,6840,335509264.2,47135057.42,29174484.96,393852859.8,146981642.4,0.201520805,106631.8895,0.442652824,MO_PHONG,HCM_SIM_v1
8/1/2025,2025,3,SIM012,TP.HCM,3198,1340,570,99314,107259,103287,0.41017474,0.22,0.04,110710497,44643187,24131101,8551095,317606172,143727060,58873590,520206822,5108,213375698,31619953.2,20808272.88,306831124,66367017.89,0.127578138,101841.5861,0.389461732,MO_PHONG,HCM_SIM_v1
8/1/2025,2025,3,SIM013,TP.HCM,4028,1481,632,112421,121415,116918,0.416642823,0.22,0.04,72376085,60503049,35867418,13342931,452831788,179815615,73892176,706539579,6141,294374644.9,39559435.3,28261583.16,412164934.1,162254432.6,0.229646629,115052.8544,0.359085037,MO_PHONG,HCM_SIM_v1
8/1/2025,2025,3,SIM014,TP.HCM,3944,1771,919,108441,117116,112779,0.427111876,0.22,0.04,92377334,67496577,25828076,13644253,427691304,207412436,103643901,738747641,6634,315527890.9,45630735.92,29549905.64,423219750.1,148692868.6,0.201276945,111357.7994,0.421058992,MO_PHONG,HCM_SIM_v1
8/1/2025,2025,3,SIM015,TP.HCM,2582,1061,515,131899,142451,137175,0.417890679,0.22,0.04,80730637,50557718,23412467,14045624,340563218,151140511,70645125,562348854,4158,235000344.3,33250912.42,22493954.16,327348509.7,102857197.1,0.182906387,135245.0346,0.39439155,MO_PHONG,HCM_SIM_v1
8/1/2025,2025,3,SIM016,TP.HCM,3799,1898,979,117889,127320,122605,0.411832424,0.22,0.04,90276208,66564876,29450116,10400125,447860311,241653360,120030295,809543966,6676,333396453.8,53163739.2,32381758.64,476147512.2,193910689.4,0.23953077,121261.8283,0.446774567,MO_PHONG,HCM_SIM_v1
8/1/2025,2025,3,SIM017,TP.HCM,2684,1095,661,121438,131153,126296,0.437030307,0.22,0.04,74592250,156037205,26541356,13610269,325939592,143612535,83481656,553033783,4440,241692524,31594757.7,22121351.32,311341259,-13155929.99,-0.023788655,124557.1583,0.410633487,MO_PHONG,HCM_SIM_v1
8/1/2025,2025,3,SIM018,TP.HCM,2302,886,406,113653,122745,118199,0.437069113,0.22,0.04,105160887,167490617,35486755,9059993,261629206,108752070,47988794,418370070,3594,182856635.2,23925455.4,16734802.8,235513434.8,-122345075.4,-0.292432667,116407.9215,0.374646456,MO_PHONG,HCM_SIM_v1
8/1/2025,2025,3,SIM019,TP.HCM,2693,1207,568,119254,128794,124024,0.409967311,0.22,0.04,66833482,166869454,26765388,13114103,321151022,155454358,70445632,547051012,4468,224273032.4,34199958.76,21882040.48,322777979.6,-6886446.664,-0.012588308,122437.5586,0.412941362,MO_PHONG,HCM_SIM_v1
8/1/2025,2025,3,SIM020,TP.HCM,2070,778,542,103954,112270,108112,0.433870387,0.22,0.04,90046780,144686625,26609440,14481194,215184780,87346060,58596704,361127544,3390,156682547.1,19216133.2,14445101.76,204444996.9,-105040277.1,-0.290867531,106527.2991,0.404130802,MO_PHONG,HCM_SIM_v1
9/1/2025,2025,3,SIM001,TP.HCM,3311,1094,522,111782,120725,116253,0.440058158,0.22,0.04,94148584,48450961,27685474,9714103,370110202,132073150,60684066,562867418,4927,247694399,29056093,22514696.72,315173019,83603107.3,0.148530728,114241.4082,0.342455807,MO_PHONG,HCM_SIM_v1
9/1/2025,2025,3,SIM002,TP.HCM,3071,1577,624,128826,139132,133979,0.429044009,0.22,0.04,101576523,88536026,24099641,11659160,395624646,219411164,83602896,698638706,5272,299746751.5,48270456.08,27945548.24,398891954.5,96804600.19,0.138561748,132518.7227,0.433720688,MO_PHONG,HCM_SIM_v1
9/1/2025,2025,3,SIM003,TP.HCM,1952,1085,469,124137,134068,129102,0.410067947,0.22,0.04,74485290,78165937,34782985,13855991,242315424,145463780,60548838,448328042,3506,183844959.7,32002031.6,17933121.68,264483082.3,13257726.04,0.029571485,127874.5128,0.459513121,MO_PHONG,HCM_SIM_v1
9/1/2025,2025,3,SIM004,TP.HCM,1615,827,392,107245,115825,111535,0.41034327,0.22,0.04,76200579,70870997,26564464,11871448,173200675,95787275,43721720,312709670,2834,128318308.5,21073200.5,12508386.8,184391361.5,-34697713.81,-0.110958237,110342.156,0.446129456,MO_PHONG,HCM_SIM_v1
9/1/2025,2025,3,SIM005,TP.HCM,3612,2149,995,127759,137980,132869,0.439089624,0.22,0.04,76267768,60195796,36645960,11020902,461465508,296519020,132204655,890189183,6756,390872833.8,65234184.4,35607567.32,499316349.2,214344171.5,0.240784965,131762.7565,0.481609621,MO_PHONG,HCM_SIM_v1
9/1/2025,2025,3,SIM006,TP.HCM,2545,1047,617,119336,128883,124109,0.435810005,0.22,0.04,106536261,46686017,26262960,10232776,303710120,134940501,76575253,515225874,4209,224540590.8,29686910.22,20609034.96,290685283.2,50671323.99,0.098347786,122410.5189,0.410530147,MO_PHONG,HCM_SIM_v1
9/1/2025,2025,3,SIM007,TP.HCM,2143,1286,591,128518,138799,133659,0.399007921,0.22,0.04,97502180,51121118,37461303,12563030,275414074,178495514,78992469,532902057,4020,212632141.7,39269013.08,21316082.28,320269915.3,61037188.89,0.114537349,132562.7007,0.483180689,MO_PHONG,HCM_SIM_v1
9/1/2025,2025,3,SIM008,TP.HCM,3416,1450,758,124416,134369,129393,0.408152444,0.22,0.04,65793664,60061242,29874012,11280277,425005056,194835050,98079894,717920000,5624,293020802.7,42863711,28716800,424899197.3,186309491.3,0.259512886,127652.9161,0.408004992,MO_PHONG,HCM_SIM_v1
9/1/2025,2025,3,SIM009,TP.HCM,3762,2035,763,125474,135512,130493,0.464639868,0.22,0.04,77803717,93247032,36479278,10670640,472033188,275766920,99566159,847366267,6560,393720150.7,60668722.4,33894650.68,453646116.3,140882076.2,0.166258773,129171.687,0.442940784,MO_PHONG,HCM_SIM_v1
9/1/2025,2025,3,SIM010,TP.HCM,3560,1322,742,120010,129611,124810,0.450087036,0.22,0.04,67118420,62431492,26424494,9335984,427235600,171345742,92609020,691190362,5624,311095821.5,37696063.24,27647614.48,380094540.5,149440472.7,0.216207402,122900.1355,0.381884321,MO_PHONG,HCM_SIM_v1
9/1/2025,2025,3,SIM011,TP.HCM,3312,1616,850,104218,112555,108387,0.448641339,0.22,0.04,68503612,59122905,29644212,13290946,345170016,181888880,92128950,619187846,5778,277793264.2,40015553.6,24767513.84,341394581.8,106049839.4,0.171272482,107163.0055,0.442543942,MO_PHONG,HCM_SIM_v1
9/1/2025,2025,3,SIM012,TP.HCM,3351,1404,597,99834,107821,103827,0.404472042,0.22,0.04,110710497,44643187,24131101,8551095,334543734,151380684,61984719,547909137,5352,221613927.7,33303750.48,21916365.48,326295209.3,83039213.34,0.151556541,102374.6519,0.389417494,MO_PHONG,HCM_SIM_v1
9/1/2025,2025,3,SIM013,TP.HCM,3649,1342,573,108568,117253,112911,0.408721934,0.22,0.04,72376085,60503049,35867418,13342931,396164632,157353526,64698003,618216161,5564,252678505.2,34617775.72,24728646.44,365537655.8,124101750.7,0.20074168,111110.0217,0.359181049,MO_PHONG,HCM_SIM_v1
9/1/2025,2025,3,SIM014,TP.HCM,3770,1693,879,106887,115438,111162,0.431200159,0.22,0.04,92377334,67496577,25828076,13644253,402963990,195436534,97711398,696111922,6342,300163571.2,42996037.48,27844476.88,395948350.8,125761596.4,0.180662897,109762.2078,0.421121838,MO_PHONG,HCM_SIM_v1
9/1/2025,2025,3,SIM015,TP.HCM,2151,884,429,132837,143464,138150,0.424565687,0.22,0.04,80730637,50557718,23412467,14045624,285732387,126822176,59266350,471820913,3464,200318970.2,27900878.72,18872836.52,271501942.8,55981781.56,0.118650488,136206.961,0.394404997,MO_PHONG,HCM_SIM_v1
9/1/2025,2025,3,SIM016,TP.HCM,3492,1744,900,117450,126846,122148,0.41488826,0.22,0.04,90276208,66564876,29450116,10400125,410135400,221219424,109933200,741288024,6136,307551698.1,48668273.28,29651520.96,433736325.9,158725206.7,0.21412083,120809.6519,0.446725987,MO_PHONG,HCM_SIM_v1
9/1/2025,2025,3,SIM017,TP.HCM,2377,971,586,122155,131927,127041,0.435370656,0.22,0.04,74592250,156037205,26541356,13610269,290362435,128101117,74446026,492909578,3934,214598366.5,28182245.74,19716383.12,278311211.5,-40368497.34,-0.081898383,125294.758,0.4109215,MO_PHONG,HCM_SIM_v1
9/1/2025,2025,3,SIM018,TP.HCM,2375,913,418,112724,121742,117233,0.442636721,0.22,0.04,105160887,167490617,35486755,9059993,267719500,111150446,49003394,427873340,3706,189392452.2,24453098.12,17114933.6,238480887.8,-120285395.9,-0.281123839,115454.2202,0.374301984,MO_PHONG,HCM_SIM_v1
9/1/2025,2025,3,SIM019,TP.HCM,2118,949,446,118220,127678,122949,0.402123631,0.22,0.04,66833482,166869454,26765388,13114103,250389960,121166422,54835254,426391636,3513,171462152.9,26656612.84,17055665.44,254929483.1,-62365222.17,-0.146262771,121375.359,0.412770001,MO_PHONG,HCM_SIM_v1
9/1/2025,2025,3,SIM020,TP.HCM,1901,715,498,102831,111057,106944,0.436052659,0.22,0.04,90046780,144686625,26609440,14481194,195481731,79405755,53258112,328145598,3114,143088760.6,17469266.1,13125823.92,185056837.4,-121362291.6,-0.369842815,105377.5202,0.404283549,MO_PHONG,HCM_SIM_v1
10/1/2025,2025,4,SIM001,TP.HCM,3665,1212,578,113511,122592,118051,0.429748394,0.22,0.04,94148584,48450961,27685474,9714103,416017815,148581504,68233478,632832797,5455,271958878.1,32687930.88,25313311.88,360873918.9,122873554.1,0.194164327,116009.6786,0.342610217,MO_PHONG,HCM_SIM_v1
10/1/2025,2025,4,SIM002,TP.HCM,3183,1635,646,124829,134815,129822,0.428428032,0.22,0.04,101576523,88536026,24099641,11659160,397330707,220422525,83865012,701618244,5464,300592923.3,48492955.5,28064729.76,401025320.7,98596285.43,0.140526969,128407.4385,0.433693878,MO_PHONG,HCM_SIM_v1
10/1/2025,2025,4,SIM003,TP.HCM,2232,1240,536,121364,131073,126219,0.399816055,0.22,0.04,74485290,78165937,34782985,13855991,270884448,162530520,67653384,501068352,4008,200335171.6,35756714.4,20042734.08,300733180.4,43643528.94,0.087100949,125017.0539,0.459386236,MO_PHONG,HCM_SIM_v1
10/1/2025,2025,4,SIM004,TP.HCM,1825,935,443,110194,119010,114602,0.408620301,0.22,0.04,76200579,70870997,26564464,11871448,201104050,111274350,50768686,363147086,3203,148389271.7,24480357,14525883.44,214757814.3,-9755914.12,-0.026864911,113377.1733,0.446218742,MO_PHONG,HCM_SIM_v1
10/1/2025,2025,4,SIM005,TP.HCM,3573,2126,984,130163,140576,135370,0.450751004,0.22,0.04,76267768,60195796,36645960,11020902,465072399,298864576,133204080,897141055,6683,404387231.5,65750206.72,35885642.2,492753823.5,206987548.6,0.230719069,134242.2647,0.481606157,MO_PHONG,HCM_SIM_v1
10/1/2025,2025,4,SIM006,TP.HCM,2587,1064,627,123477,133355,128416,0.43418269,0.22,0.04,106536261,46686017,26262960,10232776,319434999,141889720,80516832,541841551,4278,235258222,31215738.4,21673662.04,306583329,63975914.56,0.11807126,126657.6791,0.410464188,MO_PHONG,HCM_SIM_v1
10/1/2025,2025,4,SIM007,TP.HCM,2517,1511,694,125057,135062,130059,0.413904841,0.22,0.04,97502180,51121118,37461303,12563030,314768469,204078682,90260946,609108097,4722,252112790.3,44897310.04,24364323.88,356995306.7,89086041.8,0.146256538,128993.6673,0.483230529,MO_PHONG,HCM_SIM_v1
10/1/2025,2025,4,SIM008,TP.HCM,3406,1446,755,126196,136292,131244,0.40919234,0.22,0.04,65793664,60061242,29874012,11280277,429823576,197078232,99089220,725991028,5607,297069967.2,43357211.04,29039641.12,428921060.8,189515013.6,0.26104319,129479.4057,0.40794919,MO_PHONG,HCM_SIM_v1
10/1/2025,2025,4,SIM009,TP.HCM,3570,1930,724,123202,133058,128130,0.450606677,0.22,0.04,77803717,93247032,36479278,10670640,439831140,256801940,92766120,789399200,6224,355708550.3,56496426.8,31575968,433690649.7,127417587.9,0.16141084,126831.491,0.442827989,MO_PHONG,HCM_SIM_v1
10/1/2025,2025,4,SIM010,TP.HCM,3747,1392,781,118992,128511,123752,0.458213358,0.22,0.04,67118420,62431492,26424494,9335984,445863024,178887312,96650312,721400648,5920,330555413.7,39355208.64,28856025.92,390845234.3,157323609.8,0.218080771,121858.2176,0.381948124,MO_PHONG,HCM_SIM_v1
10/1/2025,2025,4,SIM011,TP.HCM,3643,1777,935,103640,111931,107786,0.451943331,0.22,0.04,68503612,59122905,29644212,13290946,377560520,198901387,100779910,677241817,6355,306074922.8,43758305.14,27089672.68,371166894.2,129757241.4,0.191596618,106568.3426,0.442502647,MO_PHONG,HCM_SIM_v1
10/1/2025,2025,4,SIM012,TP.HCM,3097,1298,552,101150,109242,105196,0.409167837,0.22,0.04,110710497,44643187,24131101,8551095,313261550,141796116,58068192,513125858,4947,209954597.2,31195145.52,20525034.32,303171260.8,63415200.94,0.123586056,103724.6529,0.389503481,MO_PHONG,HCM_SIM_v1
10/1/2025,2025,4,SIM013,TP.HCM,4019,1478,631,114518,123679,119099,0.42166331,0.22,0.04,72376085,60503049,35867418,13342931,460247842,182797562,75151469,718196873,6128,302837271,40215463.64,28727874.92,415359602,164326780.4,0.228804645,117199.2286,0.359162008,MO_PHONG,HCM_SIM_v1
10/1/2025,2025,4,SIM014,TP.HCM,4038,1814,941,110118,118927,114523,0.431964921,0.22,0.04,92377334,67496577,25828076,13644253,444656484,215733578,107766143,768156205,6793,331816534.5,47461387.16,30726248.2,436339670.5,158805795.1,0.206736331,113080.5542,0.421137939,MO_PHONG,HCM_SIM_v1
10/1/2025,2025,4,SIM015,TP.HCM,2366,972,472,128250,138510,133380,0.437141086,0.22,0.04,80730637,50557718,23412467,14045624,303439500,134631720,62955360,501026580,3810,219019303.4,29618978.4,20041063.2,282007276.6,63600788.99,0.126940948,131503.0394,0.394364467,MO_PHONG,HCM_SIM_v1
10/1/2025,2025,4,SIM016,TP.HCM,3818,1907,984,118937,128452,123694,0.420246345,0.22,0.04,90276208,66564876,29450116,10400125,454101466,244957964,121714896,820774326,6709,344927410.6,53890752.08,32830973.04,475846915.4,192433865.3,0.23445405,122339.2944,0.446740168,MO_PHONG,HCM_SIM_v1
10/1/2025,2025,4,SIM017,TP.HCM,2630,1073,648,123194,133050,128122,0.444041325,0.22,0.04,74592250,156037205,26541356,13610269,324000220,142762650,83023056,549785926,4351,244127671.2,31407783,21991437.04,305658254.8,-18522045.28,-0.033689559,126358.5213,0.410679312,MO_PHONG,HCM_SIM_v1
10/1/2025,2025,4,SIM018,TP.HCM,2573,990,453,111496,120416,115956,0.439778685,0.22,0.04,105160887,167490617,35486755,9059993,286879208,119211840,52528068,458619116,4016,201690911.6,26226604.8,18344764.64,256928204.4,-104841417.1,-0.228602371,114197.9871,0.374471761,MO_PHONG,HCM_SIM_v1
10/1/2025,2025,4,SIM019,TP.HCM,2362,1059,498,117456,126852,122154,0.403213345,0.22,0.04,66833482,166869454,26765388,13114103,277431072,134336268,60832692,472600032,3919,190558639.8,29553978.96,18904001.28,282041392.2,-39999015.06,-0.084636082,120591.9959,0.412968571,MO_PHONG,HCM_SIM_v1
10/1/2025,2025,4,SIM020,TP.HCM,1895,712,496,102922,111156,107039,0.435381995,0.22,0.04,90046780,144686625,26609440,14481194,195037190,79143072,53091344,327271606,3103,142488164.7,17411475.84,13090864.24,184783441.3,-121542937.8,-0.371382471,105469.4186,0.404050989,MO_PHONG,HCM_SIM_v1
11/1/2025,2025,4,SIM001,TP.HCM,3877,1281,611,114281,123423,118852,0.431555807,0.22,0.04,94148584,48450961,27685474,9714103,443067437,158104863,72618572,673790872,5769,290778363.2,34783069.86,26951634.88,383012508.8,141278682,0.209677346,116795.0896,0.342425884,MO_PHONG,HCM_SIM_v1
11/1/2025,2025,4,SIM002,TP.HCM,3391,1741,688,127612,137821,132716,0.430918578,0.22,0.04,101576523,88536026,24099641,11659160,432732292,239946361,91308608,763987261,5820,329216304.3,52788199.42,30559490.44,434770956.7,125551916.9,0.16433771,131269.2888,0.433587032,MO_PHONG,HCM_SIM_v1
11/1/2025,2025,4,SIM003,TP.HCM,2227,1237,535,117804,127228,122516,0.408829221,0.22,0.04,74485290,78165937,34782985,13855991,262349508,157381036,65546060,485276604,3999,198395255.8,34623827.92,19411064.16,286881348.2,31556253.08,0.065027353,121349.4884,0.459381504,MO_PHONG,HCM_SIM_v1
11/1/2025,2025,4,SIM004,TP.HCM,1885,966,458,104717,113094,108906,0.415959903,0.22,0.04,76200579,70870997,26564464,11871448,197391545,109248804,49878948,356519297,3309,148297732.3,24034736.88,14260771.88,208221564.7,-15581432.05,-0.043704316,107742.3079,0.446336996,MO_PHONG,HCM_SIM_v1
11/1/2025,2025,4,SIM005,TP.HCM,3360,1999,925,127665,137878,132772,0.445826381,0.22,0.04,76267768,60195796,36645960,11020902,428954400,275618122,122814100,827386622,6284,368870783.6,60635986.84,33095464.88,458515838.4,180653960.7,0.218342859,131665.5987,0.481555069,MO_PHONG,HCM_SIM_v1
11/1/2025,2025,4,SIM006,TP.HCM,2721,1119,659,121043,130726,125885,0.434686513,0.22,0.04,106536261,46686017,26262960,10232776,329358003,146282394,82958215,558598612,4499,242815283.1,32182126.68,22343944.48,315783328.9,71539243.75,0.12806914,124160.6161,0.410385211,MO_PHONG,HCM_SIM_v1
11/1/2025,2025,4,SIM007,TP.HCM,2274,1365,628,130526,140968,135747,0.400437135,0.22,0.04,97502180,51121118,37461303,12563030,296816124,192421320,85249116,574486560,4267,230045752.1,42332690.4,22979462.4,344440807.9,80481024.06,0.140092092,134634.7692,0.483336696,MO_PHONG,HCM_SIM_v1
11/1/2025,2025,4,SIM008,TP.HCM,3726,1582,826,128947,139263,134105,0.398914552,0.22,0.04,65793664,60061242,29874012,11280277,480456522,220314066,110770730,811541318,6134,323735641,48469094.52,32461652.72,487805677,239865734.7,0.295568111,132302.1386,0.407970351,MO_PHONG,HCM_SIM_v1
11/1/2025,2025,4,SIM009,TP.HCM,3877,2097,787,124633,134604,129618,0.467067461,0.22,0.04,77803717,93247032,36479278,10670640,483202141,282264588,102009366,867476095,6761,405169856.8,62098209.36,34699043.8,462306238.2,147308318.1,0.169812539,128305.886,0.442979301,MO_PHONG,HCM_SIM_v1
11/1/2025,2025,4,SIM010,TP.HCM,4077,1514,850,117505,126905,122205,0.469068693,0.22,0.04,67118420,62431492,26424494,9335984,479067885,192134170,103874250,775076305,6441,363564029,42269517.4,31003052.2,411512276,172929316.4,0.223112635,120334.778,0.381908746,MO_PHONG,HCM_SIM_v1
11/1/2025,2025,4,SIM011,TP.HCM,3568,1741,916,105491,113930,109711,0.446205433,0.22,0.04,68503612,59122905,29644212,13290946,376391888,198352130,100495276,675239294,6225,301295441.6,43637468.6,27009571.76,373943852.4,132735137,0.19657496,108472.1757,0.442579999,MO_PHONG,HCM_SIM_v1
11/1/2025,2025,4,SIM012,TP.HCM,3363,1409,599,101581,109707,105644,0.406694884,0.22,0.04,110710497,44643187,24131101,8551095,341616903,154577163,63280756,559474822,5371,227535547.8,34006975.86,22378992.88,331939274.2,87517425.48,0.156427818,104165.8578,0.389397182,MO_PHONG,HCM_SIM_v1
11/1/2025,2025,4,SIM013,TP.HCM,3690,1357,579,110237,119056,114646,0.406754522,0.22,0.04,72376085,60503049,35867418,13342931,406774530,161558992,66380034,634713556,5626,258172608.8,35542978.24,25388542.24,376540947.2,133519943.8,0.210362521,112817.909,0.359121093,MO_PHONG,HCM_SIM_v1
11/1/2025,2025,4,SIM014,TP.HCM,3699,1661,862,110078,118884,114481,0.427120793,0.22,0.04,92377334,67496577,25828076,13644253,407178522,197466324,98682622,703327468,6222,300405785.7,43442591.28,28133098.72,402921682.3,131999752.3,0.187678938,113038.8087,0.421068364,MO_PHONG,HCM_SIM_v1
11/1/2025,2025,4,SIM015,TP.HCM,2608,1072,520,126363,136472,131418,0.417984806,0.22,0.04,80730637,50557718,23412467,14045624,329554704,146297984,68337360,544190048,4200,227463171.7,32185556.48,21767601.92,316726876.3,94027271.93,0.172783887,129569.059,0.394412476,MO_PHONG,HCM_SIM_v1
11/1/2025,2025,4,SIM016,TP.HCM,3659,1828,943,119614,129183,124399,0.404817667,0.22,0.04,90276208,66564876,29450116,10400125,437667626,236146524,117308257,791122407,6430,320260327.5,51952235.28,31644896.28,470862079.5,190573623,0.240890185,123036.1442,0.446776349,MO_PHONG,HCM_SIM_v1
11/1/2025,2025,4,SIM017,TP.HCM,2720,1110,670,123839,133746,128793,0.440843327,0.22,0.04,74592250,156037205,26541356,13610269,336842080,148458060,86291310,571591450,4500,251982276.6,32660773.2,22863658,319609173.4,-6696337.75,-0.011715252,127020.3222,0.410694334,MO_PHONG,HCM_SIM_v1
11/1/2025,2025,4,SIM018,TP.HCM,2455,945,433,110080,118886,114483,0.436126702,0.22,0.04,105160887,167490617,35486755,9059993,270246400,112347270,49571139,432164809,3833,188478612.9,24716399.4,17286592.36,243686196.1,-115515047.6,-0.26729397,112748.45,0.374668195,MO_PHONG,HCM_SIM_v1
11/1/2025,2025,4,SIM019,TP.HCM,2516,1128,530,118388,127859,123124,0.4059429,0.22,0.04,66833482,166869454,26765388,13114103,297864208,144224952,65255720,507344880,4174,205953052,31729489.44,20293795.2,301391828,-24213883.63,-0.047726674,121548.8452,0.412896001,MO_PHONG,HCM_SIM_v1
11/1/2025,2025,4,SIM020,TP.HCM,1810,681,474,101768,109909,105839,0.420809863,0.22,0.04,90046780,144686625,26609440,14481194,184200080,74848029,50167686,309215795,2965,130121056.2,16466566.38,12368631.8,179094738.8,-125564498.4,-0.406074012,104288.6324,0.404299253,MO_PHONG,HCM_SIM_v1
12/1/2025,2025,4,SIM001,TP.HCM,4270,1412,674,117625,127035,122330,0.425945975,0.22,0.04,94148584,48450961,27685474,9714103,502258750,179373420,82450420,764082590,6356,325457903.5,39462152.4,30563303.6,438624686.5,188600108.5,0.246832098,120214.3785,0.342664319,MO_PHONG,HCM_SIM_v1
12/1/2025,2025,4,SIM002,TP.HCM,3494,1794,709,131985,142544,137264,0.427456749,0.22,0.04,101576523,88536026,24099641,11659160,461155590,255723936,97320176,814199702,5997,348035157.5,56259265.92,32567988.08,466164544.5,151465940.5,0.186030454,135767.8343,0.433608746,MO_PHONG,HCM_SIM_v1
12/1/2025,2025,4,SIM003,TP.HCM,2383,1324,573,123001,132841,127921,0.399985172,0.22,0.04,74485290,78165937,34782985,13855991,293111383,175881484,73298733,542291600,4280,216908598.7,38693926.48,21691664,325383001.3,63707207.78,0.11747777,126703.6449,0.459494886,MO_PHONG,HCM_SIM_v1
12/1/2025,2025,4,SIM004,TP.HCM,2038,1043,495,105298,113722,109510,0.400310813,0.22,0.04,76200579,70870997,26564464,11871448,214597324,118612046,54207450,387416820,3576,155087142.2,26094650.12,15496672.8,232329677.8,5230866.87,0.01350191,108338.0369,0.446081551,MO_PHONG,HCM_SIM_v1
12/1/2025,2025,4,SIM005,TP.HCM,3580,2131,986,129837,140224,135030,0.45338218,0.22,0.04,76267768,60195796,36645960,11020902,464816460,298817344,133139580,896773384,6697,406581071.6,65739815.68,35870935.36,490192312.4,204451135.4,0.227985285,133906.732,0.481679019,MO_PHONG,HCM_SIM_v1
12/1/2025,2025,4,SIM006,TP.HCM,2817,1159,683,121960,131717,126838,0.452952594,0.22,0.04,106536261,46686017,26262960,10232776,343561320,152660003,86630354,582851677,4659,264004179.3,33585200.66,23314067.08,318847497.7,72230215.97,0.123925552,125102.3132,0.410551031,MO_PHONG,HCM_SIM_v1
12/1/2025,2025,4,SIM007,TP.HCM,2704,1622,746,128869,139179,134024,0.411740478,0.22,0.04,97502180,51121118,37461303,12563030,348461776,225748338,99981904,674192018,5072,277592143.6,49664634.36,26967680.72,396599874.4,121319928.3,0.179948627,132924.2938,0.483141647,MO_PHONG,HCM_SIM_v1
12/1/2025,2025,4,SIM008,TP.HCM,3922,1665,870,130315,140740,135528,0.399053905,0.22,0.04,65793664,60061242,29874012,11280277,511095430,234332100,117909360,863336890,6457,344517957.2,51553062,34533475.6,518818932.8,265723200.2,0.307786223,133705.5738,0.40800001,MO_PHONG,HCM_SIM_v1
12/1/2025,2025,4,SIM009,TP.HCM,4084,2209,828,123914,133827,128871,0.454598424,0.22,0.04,77803717,93247032,36479278,10670640,506064776,295623843,106705188,908393807,7121,412954393.4,65037245.46,36335752.28,495439413.6,175865748.9,0.193600779,127565.4834,0.442901556,MO_PHONG,HCM_SIM_v1
12/1/2025,2025,4,SIM010,TP.HCM,4335,1611,904,119316,128861,124089,0.463280571,0.22,0.04,67118420,62431492,26424494,9335984,517234860,207595071,112176456,837006387,6850,387768796.7,45670915.62,33480255.48,449237590.3,204776029.2,0.244652887,122190.7134,0.38204192,MO_PHONG,HCM_SIM_v1
12/1/2025,2025,4,SIM011,TP.HCM,4150,2024,1065,103033,111276,107154,0.444849347,0.22,0.04,68503612,59122905,29644212,13290946,427586950,225222624,114119010,766928584,7239,341167679.8,49548977.28,30677143.36,425760904.2,174973108.6,0.228147851,105943.9956,0.442468362,MO_PHONG,HCM_SIM_v1
12/1/2025,2025,4,SIM012,TP.HCM,3682,1543,656,100728,108786,104757,0.398632445,0.22,0.04,110710497,44643187,24131101,8551095,370880496,167856798,68720592,607457886,5881,242152422.4,36928495.56,24298315.44,365305463.6,116042772.6,0.191030152,103291.5977,0.389454801,MO_PHONG,HCM_SIM_v1
12/1/2025,2025,4,SIM013,TP.HCM,4398,1617,690,113813,122918,118366,0.408150645,0.22,0.04,72376085,60503049,35867418,13342931,500549574,198758406,81672540,780980520,6705,318757703.3,43726849.32,31239220.8,462222816.7,205167263.6,0.262704713,116477.3333,0.359075468,MO_PHONG,HCM_SIM_v1
12/1/2025,2025,4,SIM014,TP.HCM,4153,1865,968,108409,117082,112745,0.417461397,0.22,0.04,92377334,67496577,25828076,13644253,450222577,218357930,109137160,777717667,6986,324667104,48038744.6,31108706.68,453050563,174556871.8,0.22444761,111325.1742,0.42109766,MO_PHONG,HCM_SIM_v1
12/1/2025,2025,4,SIM015,TP.HCM,2700,1109,538,126423,136537,131480,0.435461558,0.22,0.04,80730637,50557718,23412467,14045624,341342100,151419533,70736240,563497873,4347,245381661.4,33312297.26,22539914.92,318116211.6,93517553.37,0.165959018,129629.1403,0.394244209,MO_PHONG,HCM_SIM_v1
12/1/2025,2025,4,SIM016,TP.HCM,4380,2187,1128,120112,129721,124916,0.415791305,0.22,0.04,90276208,66564876,29450116,10400125,526090560,283699827,140905248,950695635,7695,395290978.8,62413961.94,38027825.4,555404656.2,258271543.9,0.271665856,123547.191,0.44662567,MO_PHONG,HCM_SIM_v1
12/1/2025,2025,4,SIM017,TP.HCM,2797,1142,689,118516,127997,123257,0.43192736,0.22,0.04,74592250,156037205,26541356,13610269,331489252,146172574,84924073,562585899,4628,242996242.2,32157966.28,22503435.96,319589656.8,-5852825.462,-0.010403434,121561.3438,0.410775754,MO_PHONG,HCM_SIM_v1
12/1/2025,2025,4,SIM018,TP.HCM,2412,928,425,109552,118316,113934,0.443610947,0.22,0.04,105160887,167490617,35486755,9059993,264239424,109797248,48421950,422458622,3765,187407269.5,24155394.56,16898344.88,235051352.5,-123200639,-0.291627706,112206.8053,0.374519988,MO_PHONG,HCM_SIM_v1
12/1/2025,2025,4,SIM019,TP.HCM,2561,1148,540,116803,126147,121475,0.412593404,0.22,0.04,66833482,166869454,26765388,13114103,299132483,144816756,65596500,509545739,4249,210235211,31859686.32,20381829.56,299310528,-26513414.86,-0.052033435,119921.3318,0.412942823,MO_PHONG,HCM_SIM_v1
12/1/2025,2025,4,SIM020,TP.HCM,2174,818,570,103319,111585,107452,0.42404507,0.22,0.04,90046780,144686625,26609440,14481194,224615506,91276530,61247640,377139676,3562,159924220.4,20080836.6,15085587.04,217215455.6,-93775007,-0.248647949,105878.6289,0.404423559,MO_PHONG,HCM_SIM_v1
