nam,quy,DT_VND,LN_van_hanh,bien_LN,tong_don,loai_du_lieu,phien_ban
2023,1,14846390502,426091007.07436657,0.028699973034992353,128322,MO_PHONG,HCM_SIM_v1
2023,2,21014870456,3548071168.987111,0.16883621416634018,181454,MO_PHONG,HCM_SIM_v1
2023,3,21388568877,3733786211.869176,0.1745692399216232,182732,MO_PHONG,HCM_SIM_v1
2023,4,21382002293,3747764912.03289,0.17527661164173694,184554,MO_PHONG,HCM_SIM_v1
2024,1,26122795401,3456315271.5570507,0.13231031436339852,221069,MO_PHONG,HCM_SIM_v1
2024,2,30016855202,5403220247.126141,0.1800062068716022,255455,MO_PHONG,HCM_SIM_v1
2024,3,29972172604,5438270313.938124,0.1814439809148953,253017,MO_PHONG,HCM_SIM_v1
2024,4,30592084588,5696880615.446197,0.18622073952034132,258720,MO_PHONG,HCM_SIM_v1
2025,1,33857079590,3288479072.277249,0.09712825536342276,280275,MO_PHONG,HCM_SIM_v1
2025,2,36880069813,4805667504.633736,0.13030527135661135,304832,MO_PHONG,HCM_SIM_v1
2025,3,37346191567,5034610128.228594,0.1348091978588065,308725,MO_PHONG,HCM_SIM_v1
2025,4,38302423448,5477621440.243731,0.1430097875577048,316646,MO_PHONG,HCM_SIM_v1
