Record_ID,Store_ID,Month_Year,Revenue_VND,Order_Count
REC_00001,KFC_HCM_001,2022-01-01,1450000000,9666
REC_00002,KFC_HCM_001,2022-02-01,1080000000,7200
REC_00003,KFC_HCM_001,2022-03-01,1180000000,7866
REC_00004,KFC_HCM_001,2022-04-01,1200000000,8000
REC_00005,KFC_HCM_001,2022-05-01,1250000000,8333
REC_00006,KFC_HCM_001,2022-06-01,1520000000,10133
REC_00007,KFC_HCM_001,2022-07-01,1480000000,9866
REC_00008,KFC_HCM_001,2022-08-01,1150000000,7666
REC_00009,KFC_HCM_001,2022-09-01,1120000000,7466
REC_00010,KFC_HCM_001,2022-10-01,1220000000,8133
REC_00011,KFC_HCM_001,2022-11-01,1350000000,9000
REC_00012,KFC_HCM_001,2022-12-01,1650000000,11000
REC_00013,KFC_HN_001,2022-01-01,1350000000,9000
REC_00014,KFC_HN_001,2022-02-01,980000000,6533
REC_00015,KFC_HN_001,2022-03-01,1050000000,7000
REC_00016,KFC_HN_001,2022-04-01,1100000000,7333
REC_00017,KFC_HN_001,2022-05-01,1150000000,7666
REC_00018,KFC_HN_001,2022-06-01,1380000000,9200
REC_00019,KFC_HN_001,2022-07-01,1320000000,8800
REC_00020,KFC_HN_001,2022-08-01,1020000000,6800
REC_00021,KFC_HN_001,2022-09-01,1000000000,6666
REC_00022,KFC_HN_001,2022-10-01,1080000000,7200
REC_00023,KFC_HN_001,2022-11-01,1250000000,8333
REC_00024,KFC_HN_001,2022-12-01,1550000000,10333
REC_00025,KFC_DN_001,2022-01-01,950000000,6333
REC_00026,KFC_DN_001,2022-02-01,720000000,4800
REC_00027,KFC_DN_001,2022-03-01,750000000,5000
REC_00028,KFC_DN_001,2022-04-01,820000000,5466
REC_00029,KFC_DN_001,2022-05-01,850000000,5666
REC_00030,KFC_DN_001,2022-06-01,1050000000,7000
REC_00031,KFC_DN_001,2022-07-01,1120000000,7466
REC_00032,KFC_DN_001,2022-08-01,780000000,5200
REC_00033,KFC_DN_001,2022-09-01,750000000,5000
REC_00034,KFC_DN_001,2022-10-01,820000000,5466
REC_00035,KFC_DN_001,2022-11-01,920000000,6133
REC_00036,KFC_DN_001,2022-12-01,1150000000,7666